{"cameraMode":{"drawMode":0,"name":"Shaded","section":"Shading Mode"},"sceneLighting":true,"audioPlay":false,"sceneViewState":{"showFog":true,"showMaterialUpdate":false,"showSkybox":true,"showFlares":true,"showImageEffects":true,"showParticleSystems":true},"in2DMode":false,"pivot":{"x":-2.609866142272949,"y":0.24527645111083985,"z":6.171602725982666},"rotation":{"x":0.16702231764793397,"y":-0.42188262939453127,"z":0.07938782125711441,"w":0.8875901699066162},"size":8.250053405761719,"orthographic":false}